--users
INSERT INTO public.users (email, password, firstName, lastName, playerID) VALUES ('realemail@bigcorporation.com', 'secretpassword123', 'John', 'Smith', 1566571);
INSERT INTO public.users (email, password, firstName, lastName, playerID) VALUES ('realemail2@bigcorporation.com','secretpassword2','Emily','Johnson',1566572);
INSERT INTO public.users (email, password, firstName, lastName, playerID) VALUES ('realemail3@bigcorporation.com','secretpassword3','Michael','Williams',1566573);
INSERT INTO public.users (email, password, firstName, lastName, playerID) VALUES ('realemail4@bigcorporation.com','secretpassword4','Sarah','Davis',1566574);
INSERT INTO public.users (email, password, firstName, lastName, playerID) VALUES ('realemail5@bigcorporation.com','secretpassword5','David','Anderson',1566575);
INSERT INTO public.users (email, password, firstName, lastName, playerID) VALUES ('realemail6@bigcorporation.com','secretpassword6','Jessica','Martinez',1566576);
INSERT INTO public.users (email, password, firstName, lastName, playerID) VALUES ('realemail7@bigcorporation.com','secretpassword7','Matthew','Taylor',1566577);
INSERT INTO public.users (email, password, firstName, lastName, playerID) VALUES ('realemail8@bigcorporation.com','secretpassword8','Ashley','Wilson',1566578);
INSERT INTO public.users (email, password, firstName, lastName, playerID) VALUES ('realemail9@bigcorporation.com','secretpassword9','Christopher','Brown',1566579);
INSERT INTO public.users (email, password, firstName, lastName, playerID) VALUES ('realemail10@bigcorporation.com','secretpassword10','Amanda','Garcia',1566580);
INSERT INTO public.users (email, password, firstName, lastName, playerID) VALUES ('realemail11@bigcorporation.com','secretpassword11','Andrew','Rodriguez',1566581);
INSERT INTO public.users (email, password, firstName, lastName, playerID) VALUES ('realemail12@bigcorporation.com','secretpassword12','Elizabeth','Thomas',1566582);
INSERT INTO public.users (email, password, firstName, lastName, playerID) VALUES ('realemail13@bigcorporation.com','secretpassword13','Daniel','Lee',1566583);
INSERT INTO public.users (email, password, firstName, lastName, playerID) VALUES ('realemail14@bigcorporation.com','secretpassword14','Sophia','Martinez',1566584);
INSERT INTO public.users (email, password, firstName, lastName, playerID) VALUES ('realemail15@bigcorporation.com','secretpassword15','Benjamin','Anderson',1566585);
INSERT INTO public.users (email, password, firstName, lastName, playerID) VALUES ('realemail16@bigcorporation.com','secretpassword16','Olivia','Robinson',1566586);
INSERT INTO public.users (email, password, firstName, lastName, playerID) VALUES ('realemail17@bigcorporation.com','secretpassword17','William','Davis',1566587);
INSERT INTO public.users (email, password, firstName, lastName, playerID) VALUES ('realemail18@bigcorporation.com','secretpassword18','Isabella','Taylor',1566588);
INSERT INTO public.users (email, password, firstName, lastName, playerID) VALUES ('realemail19@bigcorporation.com','secretpassword19','Ethan','Johnson',1566589);
INSERT INTO public.users (email, password, firstName, lastName, playerID) VALUES ('realemail20@bigcorporation.com','secretpassword20','Mia','Smith',1566590);


--players
INSERT INTO public.players (playerID, playerName, character, charName, xp, hp, gold, email) VALUES (1566571,'ShadowSlayer','Warrior','Grimlock',1500,100,500,'realemail@bigcorporation.com');
INSERT INTO public.players (playerID, playerName, character, charName, xp, hp, gold, email) VALUES (1566572,'MysticMage','Mage','Celestia',2000,80,750,'realemail2@bigcorporation.com');
INSERT INTO public.players (playerID, playerName, character, charName, xp, hp, gold, email) VALUES (1566573,'SwiftStrider','Rogue','Nightshade',1200,90,400,'realemail3@bigcorporation.com');
INSERT INTO public.players (playerID, playerName, character, charName, xp, hp, gold, email) VALUES (1566574,'RadiantKnight','Paladin','Seraphina',1800,110,900,'realemail4@bigcorporation.com');
INSERT INTO public.players (playerID, playerName, character, charName, xp, hp, gold, email) VALUES (1566575,'SylvanArrow','Archer','Whisper',800,70,250,'realemail5@bigcorporation.com');
INSERT INTO public.players (playerID, playerName, character, charName, xp, hp, gold, email) VALUES (1566576,'LunarDruid','Druid','Thorn',1400,95,600,'realemail6@bigcorporation.com');
INSERT INTO public.players (playerID, playerName, character, charName, xp, hp, gold, email) VALUES (1566577,'Dreadthorn','Barbarian','Bloodfang',1000,120,300,'realemail7@bigcorporation.com');
INSERT INTO public.players (playerID, playerName, character, charName, xp, hp, gold, email) VALUES (1566578,'EternalSorcer','Sorcerer','Aurora',2200,75,1000,'realemail8@bigcorporation.com');
INSERT INTO public.players (playerID, playerName, character, charName, xp, hp, gold, email) VALUES (1566579,'ShadeWalker','Thief','Shadow',1700,85,700,'realemail9@bigcorporation.com');
INSERT INTO public.players (playerID, playerName, character, charName, xp, hp, gold, email) VALUES (1566580,'ValiantGuard','Knight','Valor',1900,105,850,'realemail10@bigcorporation.com');
INSERT INTO public.players (playerID, playerName, character, charName, xp, hp, gold, email) VALUES (1566581,'CrimsonHunter','Ranger','Blaze',950,65,200,'realemail11@bigcorporation.com');
INSERT INTO public.players (playerID, playerName, character, charName, xp, hp, gold, email) VALUES (1566582,'Moonlock','Warlock','Ravenna',1350,100,550,'realemail12@bigcorporation.com');
INSERT INTO public.players (playerID, playerName, character, charName, xp, hp, gold, email) VALUES (1566583,'RagingFury','Berserker','Grommash',1100,115,350,'realemail13@bigcorporation.com');
INSERT INTO public.players (playerID, playerName, character, charName, xp, hp, gold, email) VALUES (1566584,'MysticWizard','Wizard','Merlin',2050,80,950,'realemail14@bigcorporation.com');
INSERT INTO public.players (playerID, playerName, character, charName, xp, hp, gold, email) VALUES (1566585,'SilentBlade','Assassin','Nyx',1600,90,650,'realemail15@bigcorporation.com');
INSERT INTO public.players (playerID, playerName, character, charName, xp, hp, gold, email) VALUES (1566586,'DivineShield','Paladin','Aether',1750,100,800,'realemail16@bigcorporation.com');
INSERT INTO public.players (playerID, playerName, character, charName, xp, hp, gold, email) VALUES (1566587,'Starshot','Archer','Stardust',900,75,300,'realemail17@bigcorporation.com');
INSERT INTO public.players (playerID, playerName, character, charName, xp, hp, gold, email) VALUES (1566588,'Thornbloom','Druid','Willow',1300,95,550,'realemail18@bigcorporation.com');
INSERT INTO public.players (playerID, playerName, character, charName, xp, hp, gold, email) VALUES (1566589,'InfernoMage','Sorcerer','Ignatius',2100,70,1000,'realemail19@bigcorporation.com');
INSERT INTO public.players (playerID, playerName, character, charName, xp, hp, gold, email) VALUES (1566590,'ShadowStalker','Rogue','Shadowstrike',1450,85,600,'realemail20@bigcorporation.com');

--items
INSERT INTO public.items (itemID, itemName, quantity, playerID, itemPrice, gold) VALUES (1,'Health Potion',3,1566571,10,500);
INSERT INTO public.items (itemID, itemName, quantity, playerID, itemPrice, gold) VALUES (2,'Sword of Might',1,1566572,50,750);
INSERT INTO public.items (itemID, itemName, quantity, playerID, itemPrice, gold) VALUES (3,'Throwing Knives',5,1566573,5,400);
INSERT INTO public.items (itemID, itemName, quantity, playerID, itemPrice, gold) VALUES (4,'Divine Shield',2,1566574,100,900);
INSERT INTO public.items (itemID, itemName, quantity, playerID, itemPrice, gold) VALUES (5,'Elven Bow',4,1566575,20,250);
INSERT INTO public.items (itemID, itemName, quantity, playerID, itemPrice, gold) VALUES (6,'Nature Staff',3,1566576,15,600);
INSERT INTO public.items (itemID, itemName, quantity, playerID, itemPrice, gold) VALUES (7,'Dragonplate Armor',1,1566577,200,300);
INSERT INTO public.items (itemID, itemName, quantity, playerID, itemPrice, gold) VALUES (8,'Scroll of Fireball',2,1566578,50,1000);
INSERT INTO public.items (itemID, itemName, quantity, playerID, itemPrice, gold) VALUES (9,'Lockpicks',3,1566579,30,700);
INSERT INTO public.items (itemID, itemName, quantity, playerID, itemPrice, gold) VALUES (10,'Knight''s Helm',1,1566580,80,850);
INSERT INTO public.items (itemID, itemName, quantity, playerID, itemPrice, gold) VALUES (11,'Poison Arrows',5,1566581,5,200);
INSERT INTO public.items (itemID, itemName, quantity, playerID, itemPrice, gold) VALUES (12,'Warlock Robes',2,1566582,40,550);
INSERT INTO public.items (itemID, itemName, quantity, playerID, itemPrice, gold) VALUES (13,'Berserker Axe',4,1566583,25,350);
INSERT INTO public.items (itemID, itemName, quantity, playerID, itemPrice, gold) VALUES (14,'Spellbook of Arcane',1,1566584,100,950);
INSERT INTO public.items (itemID, itemName, quantity, playerID, itemPrice, gold) VALUES (15,'Assassin''s Dagger',3,1566585,20,650);
INSERT INTO public.items (itemID, itemName, quantity, playerID, itemPrice, gold) VALUES (16,'Holy Shield',2,1566586,50,800);
INSERT INTO public.items (itemID, itemName, quantity, playerID, itemPrice, gold) VALUES (17,'Silver Arrows',4,1566587,10,300);
INSERT INTO public.items (itemID, itemName, quantity, playerID, itemPrice, gold) VALUES (18,'Druidic Talisman',3,1566588,15,550);
INSERT INTO public.items (itemID, itemName, quantity, playerID, itemPrice, gold) VALUES (19,'Sorcerer''s Orb',1,1566589,200,1000);
INSERT INTO public.items (itemID, itemName, quantity, playerID, itemPrice, gold) VALUES (20,'Shadow Cloak',2,1566590,30,600);
INSERT INTO public.items (itemID, itemName, quantity, playerID, itemPrice, gold) VALUES (21,'Mystic Scroll',1,1566571,150,2000);
INSERT INTO public.items (itemID, itemName, quantity, playerID, itemPrice, gold) VALUES (22,'Battle Axe',3,1566573,40,800);
INSERT INTO public.items (itemID, itemName, quantity, playerID, itemPrice, gold) VALUES (23,'Fireball Potion',2,1566575,25,400);
INSERT INTO public.items (itemID, itemName, quantity, playerID, itemPrice, gold) VALUES (24,'Enchanted Bow',1,1566577,100,1500);
INSERT INTO public.items (itemID, itemName, quantity, playerID, itemPrice, gold) VALUES (25,'Ethereal Staff',4,1566579,30,900);
INSERT INTO public.items (itemID, itemName, quantity, playerID, itemPrice, gold) VALUES (26,'Plate Armor',2,1566581,180,1200);
INSERT INTO public.items (itemID, itemName, quantity, playerID, itemPrice, gold) VALUES (27,'Frost Arrows',3,1566583,15,400);
INSERT INTO public.items (itemID, itemName, quantity, playerID, itemPrice, gold) VALUES (28,'Necromancer Robes',1,1566585,120,1800);
INSERT INTO public.items (itemID, itemName, quantity, playerID, itemPrice, gold) VALUES (29,'Dagger of Shadows',2,1566587,60,1000);
INSERT INTO public.items (itemID, itemName, quantity, playerID, itemPrice, gold) VALUES (30,'Amulet of Wisdom',1,1566590,250,3500);
INSERT INTO public.items (itemID, itemName, quantity, playerID, itemPrice, gold) VALUES (31,'Assassin''s Dagger',1,1566576,30,700);
INSERT INTO public.items (itemID, itemName, quantity, playerID, itemPrice, gold) VALUES (32,'Health Potion',2,1566580,10,300);
INSERT INTO public.items (itemID, itemName, quantity, playerID, itemPrice, gold) VALUES (33,'Throwing Knives',4,1566582,5,250);
INSERT INTO public.items (itemID, itemName, quantity, playerID, itemPrice, gold) VALUES (34,'Sorcerer''s Orb',1,1566584,200,950);
INSERT INTO public.items (itemID, itemName, quantity, playerID, itemPrice, gold) VALUES (35,'Elven Bow',3,1566586,20,550);
INSERT INTO public.items (itemID, itemName, quantity, playerID, itemPrice, gold) VALUES (36,'Divine Shield',2,1566588,100,900);
INSERT INTO public.items (itemID, itemName, quantity, playerID, itemPrice, gold) VALUES (37,'Spellbook of Arcane',1,1566590,100,850);
INSERT INTO public.items (itemID, itemName, quantity, playerID, itemPrice, gold) VALUES (38,'Silver Arrows',4,1566573,10,400);
INSERT INTO public.items (itemID, itemName, quantity, playerID, itemPrice, gold) VALUES (39,'Scroll of Fireball',2,1566575,50,600);
INSERT INTO public.items (itemID, itemName, quantity, playerID, itemPrice, gold) VALUES (40,'Nature Staff',3,1566577,15,750);

--guilds
INSERT INTO public.guilds (guildID,guildName,playerID,playerName) VALUES 
(1,'The Avengers',0001566571,'ShadowSlayer'),
(2,'Shadow Brotherhood',0001566572,'MysticMage'),
(3,'Luminous Guardians',0001566573,'SwiftStrider'),
(4,'Eternal Serpents',0001566574,'RadiantKnight'),
(5,'Stormrage Clan',0001566575,'SylvanArrow'),
(6,'Nightfall Syndicate',0001566576,'LunarDruid'),
(7,'Radiant Order',0001566577,'Dreadthorn'),
(8,'Silent Shadows',0001566578,'EternalSorcer'),
(9,'Crystal Vanguard',0001566579,'ShadeWalker'),
(10,'Iron Legion',0001566580,'ValiantGuard'),
(11,'Crimson Ravens',0001566581,'CrimsonHunter'),
(12,'Shadowbane Society',0001566582,'Moonlock'),
(13,'Celestial Sentinels',0001566583,'RagingFury'),
(14,'Arcane Brotherhood',0001566584,'MysticWizard'),
(15,'Shadowmoon Clan',0001566585,'SilentBlade'),
(16,'Golden Phoenix',0001566586,'DivineShield'),
(17,'Scarlet Reapers',0001566587,'Starshot'),
(18,'Mystic Council',0001566588,'Thornbloom'),
(19,NULL,0001566589,'InfernoMage'),
(20,'Elysian Empire',0001566590,'ShadowStalker');

--
